2022-08-18 23:40:12.783802;-20.0
2022-08-18 23:40:14.654518;-20.0
2022-08-18 23:40:16.659316;-21.0
2022-08-18 23:40:18.600133;-21.0
2022-08-18 23:40:20.583431;-21.0
2022-08-18 23:40:22.565170;-20.0
2022-08-18 23:40:24.224621;-21.0
2022-08-18 23:40:26.015270;-21.0
2022-08-18 23:40:28.645763;-19.0
2022-08-18 23:40:30.523301;-20.0
2022-08-18 23:40:32.185672;-21.0
2022-08-18 23:40:34.250078;-21.0
2022-08-18 23:40:35.845525;-21.0
2022-08-18 23:40:37.397952;-21.0
2022-08-18 23:40:39.127878;-21.0
2022-08-18 23:40:40.643945;-21.0
2022-08-18 23:40:42.243547;-21.0
2022-08-18 23:40:43.920358;-21.0
2022-08-18 23:40:45.557016;-21.0
2022-08-18 23:40:47.258522;-21.0
2022-08-18 23:40:49.016534;-21.0
2022-08-18 23:40:50.664348;-21.0
2022-08-18 23:40:52.406858;-21.0
2022-08-18 23:40:54.265721;-21.0
2022-08-18 23:40:55.955492;-21.0
2022-08-18 23:40:57.889885;-21.0
2022-08-18 23:40:59.625371;-21.0
2022-08-18 23:41:02.571897;-21.0
2022-08-18 23:41:06.019471;-21.0
2022-08-18 23:41:08.740297;-21.0
2022-08-18 23:41:13.780993;-21.0
2022-08-18 23:41:16.845242;-21.0
2022-08-18 23:41:19.192962;-21.0
2022-08-18 23:41:21.462371;-21.0
2022-08-18 23:41:23.984797;-21.0
2022-08-18 23:41:25.885981;-21.0
2022-08-18 23:41:27.565758;-21.0
2022-08-18 23:41:29.360741;-21.0
2022-08-18 23:41:31.375739;-21.0
2022-08-18 23:41:33.169930;-21.0
2022-08-18 23:41:35.330233;-21.0
2022-08-18 23:41:37.054652;-21.0
2022-08-18 23:41:38.888295;-21.0
2022-08-18 23:41:40.609964;-21.0
2022-08-18 23:41:42.502062;-21.0
2022-08-18 23:41:44.285238;-21.0
2022-08-18 23:41:45.935693;-21.0
2022-08-18 23:41:47.811837;-21.0
2022-08-18 23:41:49.499754;-21.0
2022-08-18 23:41:51.202354;-21.0
2022-08-18 23:41:52.818880;-21.0
2022-08-18 23:41:54.619043;-21.0
2022-08-18 23:41:56.269142;-21.0
2022-08-18 23:41:57.963948;-21.0
2022-08-18 23:41:59.533431;-21.0
2022-08-18 23:42:01.343326;-21.0
2022-08-18 23:42:03.729505;-21.0
2022-08-18 23:42:05.639512;-21.0
2022-08-18 23:42:08.256473;-21.0
2022-08-18 23:42:10.265822;-21.0
2022-08-18 23:42:12.259002;-21.0
2022-08-18 23:42:14.053984;-21.0
2022-08-18 23:42:15.805945;-21.0
2022-08-18 23:42:17.468403;-21.0
2022-08-18 23:42:19.233428;-21.0
2022-08-18 23:42:20.892407;-21.0
2022-08-18 23:42:22.515401;-21.0
2022-08-18 23:42:24.141926;-21.0
2022-08-18 23:42:25.762877;-21.0
2022-08-18 23:42:27.539594;-21.0
2022-08-18 23:42:29.191508;-21.0
2022-08-18 23:42:30.952015;-21.0
2022-08-18 23:42:32.570501;-21.0
2022-08-18 23:42:34.831352;-21.0
2022-08-18 23:42:36.508569;-21.0
2022-08-18 23:42:38.202971;-21.0
2022-08-18 23:42:39.905226;-21.0
2022-08-18 23:42:41.591571;-21.0
2022-08-18 23:42:43.468248;-21.0
2022-08-18 23:42:45.140575;-21.0
2022-08-18 23:42:46.779490;-21.0
2022-08-18 23:42:48.427546;-21.0
2022-08-18 23:42:50.214141;-21.0
2022-08-18 23:42:51.855050;-21.0
2022-08-18 23:42:53.561705;-21.0
2022-08-18 23:42:55.507259;-21.0
2022-08-18 23:42:57.452096;-21.0
2022-08-18 23:42:59.199786;-21.0
2022-08-18 23:43:00.911552;-21.0
2022-08-18 23:43:02.671620;-21.0
2022-08-18 23:43:04.644609;-21.0
2022-08-18 23:43:06.488590;-21.0
2022-08-18 23:43:08.484300;-21.0
2022-08-18 23:43:10.266712;-21.0
2022-08-18 23:43:11.916265;-21.0
2022-08-18 23:43:13.654193;-21.0
2022-08-18 23:43:15.738795;-21.0
2022-08-18 23:43:17.717092;-21.0
2022-08-18 23:43:19.408370;-21.0
2022-08-18 23:43:21.262800;-21.0
2022-08-18 23:43:22.793573;-21.0
2022-08-18 23:43:24.405082;-21.0
2022-08-18 23:43:26.171422;-21.0
2022-08-18 23:43:27.653038;-21.0
2022-08-18 23:43:29.717732;-21.0
2022-08-18 23:43:31.260992;-21.0
2022-08-18 23:43:32.786675;-21.0
2022-08-18 23:43:34.266655;-21.0
2022-08-18 23:43:35.793310;-21.0
2022-08-18 23:43:37.566654;-21.0
2022-08-18 23:43:39.131476;-21.0
2022-08-18 23:43:40.645774;-21.0
2022-08-18 23:43:42.190215;-21.0
2022-08-18 23:43:43.726823;-21.0
2022-08-18 23:43:45.265376;-21.0
2022-08-18 23:43:46.826136;-21.0
2022-08-18 23:43:48.364715;-21.0
2022-08-18 23:43:49.836326;-21.0
2022-08-18 23:43:51.372575;-21.0
2022-08-18 23:43:53.187636;-21.0
2022-08-18 23:43:55.610902;-21.0
2022-08-18 23:43:57.213059;-21.0
2022-08-18 23:43:58.857684;-20.0
2022-08-18 23:44:00.370138;-21.0
2022-08-18 23:44:02.041947;-21.0
2022-08-18 23:44:03.500784;-21.0
2022-08-18 23:44:05.229397;-21.0
2022-08-18 23:44:06.816940;-21.0
2022-08-18 23:44:08.349674;-21.0
2022-08-18 23:44:10.014428;-21.0
2022-08-18 23:44:11.724473;-20.0
2022-08-18 23:44:13.643216;-21.0
2022-08-18 23:44:15.966645;-21.0
2022-08-18 23:44:18.353697;-21.0
2022-08-18 23:44:20.181285;-21.0
2022-08-18 23:44:21.921675;-21.0
2022-08-18 23:44:23.569184;-21.0
2022-08-18 23:44:25.554044;-19.0
2022-08-18 23:44:27.036235;-21.0
2022-08-18 23:44:28.592578;-21.0
2022-08-18 23:44:30.157436;-21.0
2022-08-18 23:44:32.107893;-21.0
2022-08-18 23:44:34.117473;-21.0
2022-08-18 23:44:35.596881;-21.0
2022-08-18 23:44:37.411844;-21.0
2022-08-18 23:44:39.048952;-21.0
2022-08-18 23:44:40.897275;-21.0
2022-08-18 23:44:42.340998;-21.0
2022-08-18 23:44:44.062974;-21.0
2022-08-18 23:44:45.725677;-21.0
2022-08-18 23:44:47.372389;-21.0
2022-08-18 23:44:48.816671;-21.0
2022-08-18 23:44:50.955832;-20.0
2022-08-18 23:44:53.165017;-21.0
2022-08-18 23:44:55.237648;-20.0
2022-08-18 23:44:57.641989;-20.0
2022-08-18 23:44:59.697240;-20.0
2022-08-18 23:45:01.582326;-20.0
2022-08-18 23:45:03.567883;-21.0
2022-08-18 23:45:05.874188;-21.0
2022-08-18 23:45:07.487496;-21.0
2022-08-18 23:45:09.905247;-20.0
2022-08-18 23:45:12.120810;-21.0
2022-08-18 23:45:13.865617;-21.0
2022-08-18 23:45:16.331302;-21.0
2022-08-18 23:45:18.236491;-20.0
2022-08-18 23:45:20.734745;-18.0
2022-08-18 23:45:22.731958;-20.0
2022-08-18 23:45:24.678356;-21.0
2022-08-18 23:45:26.657538;-20.0
2022-08-18 23:45:28.418270;-20.0
2022-08-18 23:45:30.296152;-21.0
2022-08-18 23:45:31.906919;-21.0
2022-08-18 23:45:33.616269;-21.0
2022-08-18 23:45:35.248046;-21.0
2022-08-18 23:45:37.282927;-18.0
2022-08-18 23:45:39.735782;-20.0
2022-08-18 23:45:41.339769;-21.0
2022-08-18 23:45:43.259035;-20.0
2022-08-18 23:45:45.427059;-21.0
2022-08-18 23:45:47.116087;-21.0
2022-08-18 23:45:49.120164;-21.0
2022-08-18 23:45:50.507346;-21.0
2022-08-18 23:45:51.898696;-21.0
2022-08-18 23:45:53.738573;-21.0
2022-08-18 23:45:55.884710;-19.0
2022-08-18 23:45:57.425636;-21.0
2022-08-18 23:45:59.574025;-19.0
2022-08-18 23:46:01.698119;-20.0
2022-08-18 23:46:03.284519;-21.0
2022-08-18 23:46:05.694785;-20.0
2022-08-18 23:46:08.606487;-19.0
2022-08-18 23:46:11.054113;-21.0
2022-08-18 23:46:13.555599;-21.0
2022-08-18 23:46:15.331826;-20.0
2022-08-18 23:46:17.220885;-20.0
2022-08-18 23:46:19.003558;-21.0
2022-08-18 23:46:20.649102;-21.0
2022-08-18 23:46:22.562022;-20.0
2022-08-18 23:46:24.449446;-20.0
2022-08-18 23:46:26.611230;-20.0
2022-08-18 23:46:28.484747;-21.0
2022-08-18 23:46:30.241886;-20.0
2022-08-18 23:46:32.042573;-21.0
2022-08-18 23:46:34.173364;-20.0
2022-08-18 23:46:36.179874;-20.0
2022-08-18 23:46:38.038544;-21.0
2022-08-18 23:46:39.907379;-20.0
2022-08-18 23:46:41.880644;-20.0
2022-08-18 23:46:43.724057;-20.0
2022-08-18 23:46:45.179486;-21.0
2022-08-18 23:46:47.139486;-21.0
2022-08-18 23:46:48.736153;-21.0
2022-08-18 23:46:50.406041;-20.0
2022-08-18 23:46:52.525582;-18.0
2022-08-18 23:46:54.042152;-21.0
2022-08-18 23:46:56.106307;-21.0
2022-08-18 23:46:57.652776;-21.0
2022-08-18 23:46:59.364657;-21.0
2022-08-18 23:47:01.126470;-21.0
2022-08-18 23:47:03.288400;-21.0
2022-08-18 23:47:04.780317;-21.0
2022-08-18 23:47:06.378201;-21.0
2022-08-18 23:47:07.882751;-21.0
2022-08-18 23:47:09.645047;-20.0
2022-08-18 23:47:11.660646;-21.0
2022-08-18 23:47:13.763840;-20.0
2022-08-18 23:47:15.323816;-21.0
2022-08-18 23:47:17.377265;-21.0
2022-08-18 23:47:18.910742;-21.0
2022-08-18 23:47:20.413368;-21.0
2022-08-18 23:47:22.233253;-21.0
2022-08-18 23:47:23.798835;-21.0
2022-08-18 23:47:25.647801;-21.0
2022-08-18 23:47:28.322495;-21.0
2022-08-18 23:47:30.183800;-21.0
2022-08-18 23:47:32.041709;-20.0
2022-08-18 23:47:33.502881;-21.0
2022-08-18 23:47:35.047402;-21.0
2022-08-18 23:47:36.563998;-21.0
2022-08-18 23:47:38.412007;-21.0
2022-08-18 23:47:39.929256;-21.0
2022-08-18 23:47:41.728685;-21.0
2022-08-18 23:47:43.149510;-21.0
2022-08-18 23:47:44.797718;-20.0
2022-08-18 23:47:46.390974;-21.0
2022-08-18 23:47:48.059170;-21.0
2022-08-18 23:47:49.545415;-21.0
2022-08-18 23:47:51.593967;-21.0
2022-08-18 23:47:53.125978;-21.0
2022-08-18 23:47:54.805544;-21.0
2022-08-18 23:47:56.505698;-21.0
2022-08-18 23:47:58.034119;-21.0
2022-08-18 23:47:59.503873;-21.0
2022-08-18 23:48:01.182348;-21.0
2022-08-18 23:48:02.679709;-21.0
2022-08-18 23:48:04.487939;-20.0
2022-08-18 23:48:06.185611;-20.0
2022-08-18 23:48:07.873862;-21.0
2022-08-18 23:48:09.584517;-21.0
2022-08-18 23:48:11.613068;-21.0
2022-08-18 23:48:13.225924;-21.0
2022-08-18 23:48:14.791073;-21.0
2022-08-18 23:48:16.470718;-20.0
2022-08-18 23:48:19.200136;-19.0
2022-08-18 23:48:21.415353;-20.0
2022-08-18 23:48:23.216104;-21.0
2022-08-18 23:48:24.754791;-21.0
2022-08-18 23:48:26.388324;-21.0
2022-08-18 23:48:28.602908;-20.0
2022-08-18 23:48:30.404356;-21.0
2022-08-18 23:48:32.406722;-21.0
2022-08-18 23:48:35.330165;-20.0
2022-08-18 23:48:37.393659;-21.0
2022-08-18 23:48:39.206967;-20.0
2022-08-18 23:48:40.859624;-21.0
2022-08-18 23:48:43.331773;-19.0
2022-08-18 23:48:45.003858;-20.0
2022-08-18 23:48:47.245445;-21.0
2022-08-18 23:48:49.718674;-20.0
2022-08-18 23:48:51.353537;-21.0
2022-08-18 23:48:53.365813;-20.0
2022-08-18 23:48:55.677309;-20.0
2022-08-18 23:48:57.778278;-20.0
2022-08-18 23:49:00.441001;-19.0
2022-08-18 23:49:02.235673;-21.0
2022-08-18 23:49:05.071405;-21.0
2022-08-18 23:49:06.711353;-20.0
2022-08-18 23:49:08.775376;-20.0
2022-08-18 23:49:10.459519;-21.0
2022-08-18 23:49:12.317397;-21.0
2022-08-18 23:49:14.627722;-21.0
2022-08-18 23:49:16.802419;-20.0
2022-08-18 23:49:19.300661;-19.0
2022-08-18 23:49:21.637777;-20.0
2022-08-18 23:49:23.252759;-21.0
2022-08-18 23:49:25.823190;-20.0
2022-08-18 23:49:27.613135;-21.0
2022-08-18 23:49:29.640344;-19.0
2022-08-18 23:49:31.586506;-19.0
2022-08-18 23:49:34.389675;-20.0
2022-08-18 23:49:37.073682;-20.0
2022-08-18 23:49:39.648555;-21.0
2022-08-18 23:49:42.019196;-20.0
2022-08-18 23:49:44.392644;-20.0
2022-08-18 23:49:47.133378;-18.0
2022-08-18 23:49:49.306345;-20.0
2022-08-18 23:49:51.549496;-18.0
2022-08-18 23:49:53.503195;-21.0
2022-08-18 23:49:55.773267;-20.0
2022-08-18 23:49:57.513722;-21.0
2022-08-18 23:49:59.104352;-21.0
2022-08-18 23:50:00.953888;-21.0
2022-08-18 23:50:02.483190;-21.0
2022-08-18 23:50:04.172768;-20.0
2022-08-18 23:50:06.072302;-21.0
2022-08-18 23:50:07.632617;-21.0
2022-08-18 23:50:09.384562;-21.0
2022-08-18 23:50:11.060844;-20.0
2022-08-18 23:50:12.710166;-21.0
2022-08-18 23:50:14.215308;-21.0
2022-08-18 23:50:15.719966;-21.0
2022-08-18 23:50:17.213329;-21.0
2022-08-18 23:50:18.701000;-21.0
2022-08-18 23:50:20.210837;-21.0
2022-08-18 23:50:21.953235;-20.0
2022-08-18 23:50:23.509452;-21.0
2022-08-18 23:50:25.186089;-21.0
2022-08-18 23:50:26.922314;-21.0
2022-08-18 23:50:28.401803;-21.0
2022-08-18 23:50:29.919584;-21.0
2022-08-18 23:50:31.324108;-21.0
2022-08-18 23:50:32.851002;-21.0
2022-08-18 23:50:34.401625;-21.0
2022-08-18 23:50:35.976834;-21.0
2022-08-18 23:50:37.748161;-21.0
2022-08-18 23:50:39.500027;-21.0
2022-08-18 23:50:41.122919;-21.0
2022-08-18 23:50:42.587702;-21.0
2022-08-18 23:50:44.103616;-21.0
2022-08-18 23:50:45.628667;-21.0
2022-08-18 23:50:47.713658;-21.0
2022-08-18 23:50:49.261782;-21.0
2022-08-18 23:50:50.932245;-21.0
2022-08-18 23:50:52.586495;-21.0
2022-08-18 23:50:54.108830;-21.0
2022-08-18 23:50:55.681363;-21.0
2022-08-18 23:50:57.193739;-21.0
2022-08-18 23:50:59.009120;-21.0
2022-08-18 23:51:00.725565;-21.0
2022-08-18 23:51:02.669465;-21.0
2022-08-18 23:51:04.093182;-21.0
2022-08-18 23:51:06.173696;-21.0
2022-08-18 23:51:07.805484;-21.0
2022-08-18 23:51:09.476842;-21.0
2022-08-18 23:51:11.024211;-21.0
2022-08-18 23:51:12.565826;-21.0
2022-08-18 23:51:14.198259;-21.0
2022-08-18 23:51:15.690070;-21.0
2022-08-18 23:51:17.145221;-21.0
2022-08-18 23:51:18.662607;-21.0
2022-08-18 23:51:20.333896;-20.0
2022-08-18 23:51:21.894868;-21.0
2022-08-18 23:51:23.329426;-21.0
2022-08-18 23:51:24.780755;-21.0
2022-08-18 23:51:26.304189;-21.0
2022-08-18 23:51:27.924398;-21.0
2022-08-18 23:51:29.402267;-21.0
2022-08-18 23:51:30.837303;-21.0
2022-08-18 23:51:32.515375;-21.0
2022-08-18 23:51:34.450192;-21.0
2022-08-18 23:51:36.166299;-21.0
2022-08-18 23:51:37.849743;-21.0
2022-08-18 23:51:39.341876;-21.0
2022-08-18 23:51:40.899218;-21.0
2022-08-18 23:51:42.463191;-21.0
2022-08-18 23:51:43.951140;-21.0
2022-08-18 23:51:45.437839;-21.0
2022-08-18 23:51:47.019378;-21.0
2022-08-18 23:51:48.695510;-21.0
2022-08-18 23:51:50.159926;-21.0
2022-08-18 23:51:51.817790;-21.0
2022-08-18 23:51:53.268387;-21.0
2022-08-18 23:51:54.998480;-21.0
2022-08-18 23:51:56.491377;-21.0
2022-08-18 23:51:58.524652;-21.0
2022-08-18 23:52:00.047115;-21.0
2022-08-18 23:52:01.731368;-21.0
2022-08-18 23:52:03.273726;-21.0
2022-08-18 23:52:04.870103;-21.0
2022-08-18 23:52:06.508126;-21.0
2022-08-18 23:52:08.253056;-21.0
2022-08-18 23:52:09.754942;-21.0
2022-08-18 23:52:11.348687;-21.0
2022-08-18 23:52:12.861108;-21.0
2022-08-18 23:52:14.375975;-21.0
2022-08-18 23:52:15.867013;-21.0
2022-08-18 23:52:17.485165;-21.0
2022-08-18 23:52:18.962713;-21.0
2022-08-18 23:52:20.524026;-21.0
2022-08-18 23:52:22.287990;-21.0
2022-08-18 23:52:24.142776;-21.0
2022-08-18 23:52:25.647024;-21.0
2022-08-18 23:52:27.121688;-21.0
2022-08-18 23:52:28.557652;-21.0
2022-08-18 23:52:30.083817;-21.0
2022-08-18 23:52:31.574006;-21.0
2022-08-18 23:52:33.174556;-21.0
2022-08-18 23:52:34.664067;-21.0
2022-08-18 23:52:36.191246;-21.0
2022-08-18 23:52:37.708123;-21.0
2022-08-18 23:52:39.371864;-21.0
2022-08-18 23:52:40.840519;-21.0
2022-08-18 23:52:42.425601;-21.0
2022-08-18 23:52:43.952771;-21.0
2022-08-18 23:52:45.472786;-21.0
2022-08-18 23:52:47.100846;-21.0
2022-08-18 23:52:48.621274;-21.0
2022-08-18 23:52:50.063394;-21.0
2022-08-18 23:52:51.741196;-21.0
2022-08-18 23:52:53.644589;-21.0
2022-08-18 23:52:55.200638;-21.0
2022-08-18 23:52:56.657676;-21.0
2022-08-18 23:52:58.170938;-21.0
2022-08-18 23:52:59.625419;-21.0
2022-08-18 23:53:01.251296;-21.0
2022-08-18 23:53:02.732005;-21.0
2022-08-18 23:53:04.257040;-21.0
2022-08-18 23:53:05.755471;-21.0
2022-08-18 23:53:07.265223;-21.0
2022-08-18 23:53:08.849112;-21.0
2022-08-18 23:53:10.472530;-21.0
2022-08-18 23:53:12.151336;-21.0
2022-08-18 23:53:13.612996;-21.0
2022-08-18 23:53:15.337510;-21.0
2022-08-18 23:53:16.832080;-21.0
2022-08-18 23:53:18.377586;-21.0
2022-08-18 23:53:20.186372;-21.0
2022-08-18 23:53:21.672929;-21.0
2022-08-18 23:53:23.203750;-21.0
2022-08-18 23:53:25.138682;-21.0
2022-08-18 23:53:26.616435;-21.0
2022-08-18 23:53:28.121660;-21.0
2022-08-18 23:53:29.660387;-21.0
2022-08-18 23:53:31.294466;-21.0
2022-08-18 23:53:32.892154;-21.0
2022-08-18 23:53:34.428778;-21.0
2022-08-18 23:53:35.900101;-21.0
2022-08-18 23:53:37.473446;-21.0
2022-08-18 23:53:39.130060;-21.0
2022-08-18 23:53:40.663134;-21.0
2022-08-18 23:53:42.334441;-21.0
2022-08-18 23:53:43.764519;-21.0
2022-08-18 23:53:45.296989;-21.0
2022-08-18 23:53:46.976081;-21.0
2022-08-18 23:53:48.488702;-21.0
2022-08-18 23:53:49.915147;-21.0
2022-08-18 23:53:51.442877;-21.0
2022-08-18 23:53:52.881271;-21.0
2022-08-18 23:53:54.414878;-21.0
2022-08-18 23:53:56.256392;-21.0
2022-08-18 23:53:57.685867;-21.0
2022-08-18 23:53:59.343915;-21.0
2022-08-18 23:54:01.305459;-21.0
2022-08-18 23:54:03.178652;-21.0
2022-08-18 23:54:04.758342;-21.0
2022-08-18 23:54:06.397918;-21.0
2022-08-18 23:54:07.896147;-21.0
2022-08-18 23:54:09.450556;-21.0
2022-08-18 23:54:11.046303;-21.0
2022-08-18 23:54:12.782195;-21.0
2022-08-18 23:54:14.299590;-21.0
2022-08-18 23:54:15.736821;-21.0
2022-08-18 23:54:17.403627;-21.0
2022-08-18 23:54:18.823709;-21.0
2022-08-18 23:54:20.382758;-21.0
2022-08-18 23:54:21.846263;-21.0
2022-08-18 23:54:23.464978;-21.0
2022-08-18 23:54:24.878283;-21.0
2022-08-18 23:54:26.720304;-21.0
2022-08-18 23:54:28.166227;-21.0
2022-08-18 23:54:30.162139;-21.0
2022-08-18 23:54:31.693793;-21.0
2022-08-18 23:54:33.339883;-21.0
2022-08-18 23:54:34.888726;-21.0
2022-08-18 23:54:36.337374;-21.0
2022-08-18 23:54:37.974292;-21.0
2022-08-18 23:54:39.704975;-21.0
2022-08-18 23:54:41.395274;-21.0
2022-08-18 23:54:42.958461;-21.0
2022-08-18 23:54:44.967450;-20.0
2022-08-18 23:54:46.521866;-21.0
2022-08-18 23:54:48.220717;-21.0
2022-08-18 23:54:49.935750;-21.0
2022-08-18 23:54:51.546756;-21.0
2022-08-18 23:54:53.008302;-21.0
2022-08-18 23:54:54.625219;-21.0
2022-08-18 23:54:56.103513;-21.0
2022-08-18 23:54:57.566327;-21.0
2022-08-18 23:54:59.196080;-21.0
2022-08-18 23:55:00.965877;-21.0
2022-08-18 23:55:02.499916;-21.0
2022-08-18 23:55:04.119737;-21.0
2022-08-18 23:55:05.651364;-21.0
2022-08-18 23:55:07.127419;-21.0
2022-08-18 23:55:08.614543;-21.0
2022-08-18 23:55:10.122162;-21.0
2022-08-18 23:55:11.632895;-21.0
2022-08-18 23:55:13.126275;-21.0
2022-08-18 23:55:14.678669;-21.0
2022-08-18 23:55:16.265528;-21.0
2022-08-18 23:55:17.993534;-21.0
2022-08-18 23:55:19.530198;-21.0
2022-08-18 23:55:21.021357;-21.0
2022-08-18 23:55:22.487274;-21.0
2022-08-18 23:55:23.989995;-21.0
2022-08-18 23:55:25.643919;-21.0
2022-08-18 23:55:27.217698;-21.0
2022-08-18 23:55:28.834058;-21.0
2022-08-18 23:55:30.356078;-21.0
2022-08-18 23:55:31.909120;-21.0
2022-08-18 23:55:33.406638;-21.0
2022-08-18 23:55:35.205587;-20.0
2022-08-18 23:55:37.008521;-20.0
2022-08-18 23:55:38.681435;-21.0
2022-08-18 23:55:40.588686;-21.0
2022-08-18 23:55:42.186668;-21.0
2022-08-18 23:55:43.750312;-21.0
2022-08-18 23:55:45.711865;-20.0
2022-08-18 23:55:47.312058;-21.0
2022-08-18 23:55:48.806498;-21.0
2022-08-18 23:55:50.592597;-21.0
2022-08-18 23:55:52.208265;-21.0
2022-08-18 23:55:54.494924;-21.0
2022-08-18 23:55:56.125361;-21.0
2022-08-18 23:55:57.587269;-21.0
2022-08-18 23:55:59.333817;-21.0
2022-08-18 23:56:01.212957;-20.0
2022-08-18 23:56:02.689985;-21.0
2022-08-18 23:56:04.187101;-21.0
2022-08-18 23:56:05.790542;-21.0
2022-08-18 23:56:07.650386;-20.0
2022-08-18 23:56:09.136435;-21.0
2022-08-18 23:56:10.726347;-21.0
2022-08-18 23:56:12.178422;-21.0
2022-08-18 23:56:13.634940;-21.0
2022-08-18 23:56:15.226690;-21.0
2022-08-18 23:56:16.921936;-21.0
2022-08-18 23:56:18.638840;-21.0
2022-08-18 23:56:20.371750;-21.0
2022-08-18 23:56:21.817569;-21.0
2022-08-18 23:56:23.721010;-21.0
2022-08-18 23:56:25.420093;-20.0
2022-08-18 23:56:27.363128;-21.0
2022-08-18 23:56:28.936472;-21.0
2022-08-18 23:56:30.860953;-21.0
2022-08-18 23:56:32.300922;-21.0
2022-08-18 23:56:33.834286;-21.0
2022-08-18 23:56:35.402513;-21.0
2022-08-18 23:56:36.965533;-21.0
2022-08-18 23:56:38.668172;-21.0
2022-08-18 23:56:40.292670;-21.0
2022-08-18 23:56:41.737781;-21.0
2022-08-18 23:56:43.471713;-21.0
2022-08-18 23:56:44.982841;-21.0
2022-08-18 23:56:46.627328;-21.0
2022-08-18 23:56:48.605808;-21.0
2022-08-18 23:56:50.110425;-21.0
2022-08-18 23:56:51.691909;-21.0
2022-08-18 23:56:53.253813;-21.0
2022-08-18 23:56:54.747508;-21.0
2022-08-18 23:56:56.443834;-21.0
2022-08-18 23:56:57.872351;-21.0
2022-08-18 23:56:59.417754;-21.0
2022-08-18 23:57:00.958444;-21.0
2022-08-18 23:57:02.676527;-21.0
2022-08-18 23:57:04.276064;-21.0
2022-08-18 23:57:06.015585;-21.0
2022-08-18 23:57:07.487383;-21.0
2022-08-18 23:57:08.989181;-21.0
2022-08-18 23:57:10.509501;-21.0
2022-08-18 23:57:12.176973;-21.0
2022-08-18 23:57:13.834358;-21.0
2022-08-18 23:57:15.537990;-21.0
2022-08-18 23:57:17.075527;-21.0
2022-08-18 23:57:18.680257;-21.0
2022-08-18 23:57:20.189023;-21.0
2022-08-18 23:57:21.659627;-21.0
2022-08-18 23:57:23.212390;-21.0
2022-08-18 23:57:24.705943;-21.0
2022-08-18 23:57:26.576214;-20.0
2022-08-18 23:57:28.119737;-21.0
2022-08-18 23:57:29.872186;-21.0
2022-08-18 23:57:31.352972;-21.0
2022-08-18 23:57:32.867789;-21.0
2022-08-18 23:57:34.380331;-21.0
2022-08-18 23:57:36.037662;-20.0
2022-08-18 23:57:37.426973;-21.0
2022-08-18 23:57:39.166306;-21.0
2022-08-18 23:57:40.850340;-21.0
2022-08-18 23:57:42.369434;-21.0
2022-08-18 23:57:43.466855;-20.0
2022-08-18 23:57:44.688101;-21.0
2022-08-18 23:57:45.520969;-21.0
2022-08-18 23:57:46.256397;-21.0
2022-08-18 23:57:47.005964;-21.0
2022-08-18 23:57:47.721080;-21.0
2022-08-18 23:57:48.476113;-21.0
2022-08-18 23:57:49.309051;-20.0
2022-08-18 23:57:50.120918;-21.0
2022-08-18 23:57:50.851708;-21.0
2022-08-18 23:57:51.691946;-20.0
2022-08-18 23:57:52.525542;-21.0
2022-08-18 23:57:53.335112;-20.0
2022-08-18 23:57:54.198676;-20.0
2022-08-18 23:57:54.937917;-21.0
2022-08-18 23:57:55.781216;-21.0
2022-08-18 23:57:56.639977;-20.0
2022-08-18 23:57:57.555160;-20.0
2022-08-18 23:57:58.524423;-21.0
2022-08-18 23:57:59.235030;-21.0
2022-08-18 23:57:59.962815;-21.0
2022-08-18 23:58:00.861365;-21.0
2022-08-18 23:58:01.696803;-21.0
2022-08-18 23:58:02.449152;-21.0
2022-08-18 23:58:03.191068;-21.0
2022-08-18 23:58:03.905945;-21.0
2022-08-18 23:58:04.672776;-21.0
2022-08-18 23:58:05.469474;-21.0
2022-08-18 23:58:06.222096;-21.0
2022-08-18 23:58:06.944956;-21.0
2022-08-18 23:58:07.805601;-20.0
2022-08-18 23:58:08.549176;-21.0
2022-08-18 23:58:09.266412;-21.0
2022-08-18 23:58:09.985619;-21.0
2022-08-18 23:58:10.805880;-20.0
2022-08-18 23:58:11.661883;-21.0
2022-08-18 23:58:12.461911;-21.0
2022-08-18 23:58:13.307888;-21.0
2022-08-18 23:58:14.184251;-21.0
2022-08-18 23:58:15.025669;-21.0
2022-08-18 23:58:15.759898;-21.0
2022-08-18 23:58:16.617093;-21.0
2022-08-18 23:58:17.490838;-21.0
2022-08-18 23:58:18.366764;-21.0
2022-08-18 23:58:19.082220;-21.0
2022-08-18 23:58:19.878582;-21.0
2022-08-18 23:58:20.670128;-21.0
2022-08-18 23:58:21.479244;-20.0
2022-08-18 23:58:22.330289;-21.0
2022-08-18 23:58:23.054056;-21.0
2022-08-18 23:58:23.934156;-20.0
2022-08-18 23:58:24.776554;-21.0
2022-08-18 23:58:25.666898;-20.0
2022-08-18 23:58:26.497539;-21.0
2022-08-18 23:58:27.715657;-20.0
2022-08-18 23:58:28.756011;-19.0
2022-08-18 23:58:29.750454;-21.0
2022-08-18 23:58:30.756127;-21.0
2022-08-18 23:58:31.600395;-20.0
2022-08-18 23:58:32.720123;-21.0
2022-08-18 23:58:33.555066;-21.0
2022-08-18 23:58:34.538643;-20.0
2022-08-18 23:58:35.540270;-21.0
2022-08-18 23:58:36.424586;-20.0
2022-08-18 23:58:37.617037;-19.0
2022-08-18 23:58:38.368184;-21.0
2022-08-18 23:58:39.328271;-21.0
2022-08-18 23:58:40.130359;-21.0
2022-08-18 23:58:40.935643;-21.0
2022-08-18 23:58:41.828458;-21.0
2022-08-18 23:58:42.776466;-21.0
2022-08-18 23:58:43.906568;-21.0
2022-08-18 23:58:44.705266;-21.0
2022-08-18 23:58:45.714480;-19.0
2022-08-18 23:58:46.636968;-19.0
2022-08-18 23:58:47.628334;-20.0
2022-08-18 23:58:48.790658;-17.0
2022-08-18 23:58:49.995758;-21.0
2022-08-18 23:58:50.899029;-21.0
2022-08-18 23:58:51.886017;-21.0
2022-08-18 23:58:52.897479;-20.0
2022-08-18 23:58:53.894401;-19.0
2022-08-18 23:58:55.022957;-20.0
2022-08-18 23:58:55.986375;-21.0
2022-08-18 23:58:56.842080;-20.0
2022-08-18 23:58:57.866792;-19.0
2022-08-18 23:58:59.209386;-21.0
2022-08-18 23:59:00.502279;-21.0
2022-08-18 23:59:01.430970;-20.0
2022-08-18 23:59:02.462084;-21.0
2022-08-18 23:59:03.346052;-21.0
2022-08-18 23:59:04.304346;-20.0
2022-08-18 23:59:05.224251;-20.0
2022-08-18 23:59:06.179444;-20.0
2022-08-18 23:59:07.327918;-21.0
2022-08-18 23:59:08.195457;-20.0
2022-08-18 23:59:09.026976;-21.0
2022-08-18 23:59:10.327640;-19.0
2022-08-18 23:59:11.387177;-19.0
2022-08-18 23:59:12.122022;-21.0
2022-08-18 23:59:13.106578;-20.0
2022-08-18 23:59:14.462452;-18.0
2022-08-18 23:59:15.355883;-20.0
2022-08-18 23:59:16.378505;-21.0
2022-08-18 23:59:17.455122;-19.0
2022-08-18 23:59:18.562260;-21.0
2022-08-18 23:59:19.714583;-20.0
2022-08-18 23:59:20.618937;-21.0
2022-08-18 23:59:21.440291;-21.0
2022-08-18 23:59:22.659777;-21.0
2022-08-18 23:59:23.464250;-20.0
2022-08-18 23:59:24.495694;-21.0
2022-08-18 23:59:25.478163;-20.0
2022-08-18 23:59:26.363318;-21.0
2022-08-18 23:59:27.451528;-20.0
2022-08-18 23:59:28.368319;-21.0
2022-08-18 23:59:29.451652;-21.0
2022-08-18 23:59:30.555042;-19.0
2022-08-18 23:59:31.494580;-19.0
2022-08-18 23:59:32.646516;-19.0
2022-08-18 23:59:33.487636;-20.0
2022-08-18 23:59:34.460184;-20.0
2022-08-18 23:59:35.631673;-19.0
2022-08-18 23:59:36.782703;-19.0
2022-08-18 23:59:38.079495;-20.0
2022-08-18 23:59:39.379190;-21.0
2022-08-18 23:59:40.686755;-19.0
2022-08-18 23:59:41.632974;-20.0
2022-08-18 23:59:42.837764;-19.0
2022-08-18 23:59:43.971743;-20.0
2022-08-18 23:59:45.031193;-20.0
2022-08-18 23:59:46.050407;-20.0
2022-08-18 23:59:47.139019;-19.0
2022-08-18 23:59:47.983611;-21.0
2022-08-18 23:59:49.297767;-19.0
2022-08-18 23:59:50.740099;-20.0
2022-08-18 23:59:51.735622;-19.0
2022-08-18 23:59:52.920749;-19.0
2022-08-18 23:59:54.023926;-19.0
2022-08-18 23:59:55.389275;-17.0
2022-08-18 23:59:56.610240;-18.0
2022-08-18 23:59:58.031146;-19.0
2022-08-18 23:59:59.455540;-18.0
2022-08-19 00:00:00.829289;-18.0
2022-08-19 00:00:01.866128;-20.0
2022-08-19 00:00:02.970259;-19.0
2022-08-19 00:00:04.072076;-21.0
2022-08-19 00:00:05.418455;-17.0
2022-08-19 00:00:06.485599;-21.0
2022-08-19 00:00:07.677939;-18.0
2022-08-19 00:00:08.774097;-20.0
2022-08-19 00:00:10.071394;-21.0
2022-08-19 00:00:11.216346;-18.0
2022-08-19 00:00:12.378844;-20.0
2022-08-19 00:00:13.739506;-17.0
2022-08-19 00:00:14.791371;-20.0
2022-08-19 00:00:16.128266;-20.0
2022-08-19 00:00:17.026798;-19.0
2022-08-19 00:00:18.264324;-19.0
2022-08-19 00:00:19.201721;-21.0
2022-08-19 00:00:19.987573;-21.0
2022-08-19 00:00:21.231007;-18.0
2022-08-19 00:00:22.550114;-19.0
2022-08-19 00:00:23.830716;-17.0
2022-08-19 00:00:24.774915;-20.0
2022-08-19 00:00:26.231024;-16.0
2022-08-19 00:00:27.464644;-18.0
2022-08-19 00:00:29.115205;-15.0
2022-08-19 00:00:30.603532;-19.0
2022-08-19 00:00:31.876392;-20.0
2022-08-19 00:00:32.702930;-21.0
2022-08-19 00:00:33.742616;-18.0
2022-08-19 00:00:35.000245;-20.0
2022-08-19 00:00:35.986644;-19.0
2022-08-19 00:00:37.148192;-19.0
2022-08-19 00:00:38.466884;-19.0
2022-08-19 00:00:39.673146;-16.0
2022-08-19 00:00:40.735164;-20.0
2022-08-19 00:00:42.091882;-18.0
2022-08-19 00:00:43.225649;-21.0
2022-08-19 00:00:44.136028;-21.0
2022-08-19 00:00:45.663220;-16.0
2022-08-19 00:00:46.742393;-21.0
2022-08-19 00:00:47.557926;-20.0
2022-08-19 00:00:48.766623;-20.0
2022-08-19 00:00:49.916435;-19.0
2022-08-19 00:00:51.013883;-19.0
2022-08-19 00:00:52.061310;-20.0
2022-08-19 00:00:53.072892;-21.0
2022-08-19 00:00:54.211464;-21.0
2022-08-19 00:00:55.343986;-20.0
2022-08-19 00:00:56.290741;-21.0
2022-08-19 00:00:57.301814;-19.0
2022-08-19 00:00:58.430293;-19.0
2022-08-19 00:00:59.355088;-21.0
2022-08-19 00:01:00.529959;-21.0
2022-08-19 00:01:01.663486;-20.0
2022-08-19 00:01:02.764255;-20.0
2022-08-19 00:01:03.962696;-19.0
2022-08-19 00:01:05.066938;-19.0
2022-08-19 00:01:06.342135;-21.0
2022-08-19 00:01:07.292829;-20.0
2022-08-19 00:01:08.716125;-20.0
2022-08-19 00:01:09.807697;-19.0
2022-08-19 00:01:10.773939;-19.0
2022-08-19 00:01:12.143816;-20.0
2022-08-19 00:01:13.110002;-21.0
2022-08-19 00:01:14.220003;-20.0
2022-08-19 00:01:15.734596;-17.0
2022-08-19 00:01:17.122728;-17.0
2022-08-19 00:01:18.191892;-20.0
2022-08-19 00:01:19.265488;-20.0
2022-08-19 00:01:20.460491;-21.0
2022-08-19 00:01:21.775208;-17.0
2022-08-19 00:01:22.696355;-21.0
2022-08-19 00:01:23.791874;-18.0
2022-08-19 00:01:24.832155;-20.0
2022-08-19 00:01:26.112534;-18.0
2022-08-19 00:01:27.181962;-20.0
2022-08-19 00:01:28.040225;-21.0
2022-08-19 00:01:29.200656;-19.0
2022-08-19 00:01:30.327262;-20.0
2022-08-19 00:01:31.656822;-20.0
2022-08-19 00:01:33.071807;-16.0
2022-08-19 00:01:34.524617;-18.0
2022-08-19 00:01:35.571650;-20.0
2022-08-19 00:01:36.555496;-20.0
2022-08-19 00:01:37.696627;-19.0
2022-08-19 00:01:38.587510;-21.0
2022-08-19 00:01:39.784226;-18.0
2022-08-19 00:01:41.004388;-18.0
2022-08-19 00:01:42.142125;-16.0
2022-08-19 00:01:43.200589;-21.0
2022-08-19 00:01:44.101507;-21.0
2022-08-19 00:01:45.097107;-21.0
2022-08-19 00:01:46.142150;-21.0
2022-08-19 00:01:47.368149;-20.0
2022-08-19 00:01:48.436557;-21.0
2022-08-19 00:01:49.486237;-20.0
2022-08-19 00:01:50.695302;-19.0
2022-08-19 00:01:52.042472;-19.0
2022-08-19 00:01:52.949097;-20.0
2022-08-19 00:01:54.125125;-19.0
2022-08-19 00:01:55.250237;-21.0
2022-08-19 00:01:56.297509;-20.0
2022-08-19 00:01:57.472473;-18.0
2022-08-19 00:01:58.689326;-17.0
2022-08-19 00:01:59.572650;-20.0
2022-08-19 00:02:00.487156;-21.0
2022-08-19 00:02:01.579078;-18.0
2022-08-19 00:02:02.707432;-18.0
2022-08-19 00:02:03.502105;-21.0
2022-08-19 00:02:04.489194;-21.0
2022-08-19 00:02:05.442641;-20.0
2022-08-19 00:02:06.326651;-21.0
2022-08-19 00:02:07.264351;-21.0
2022-08-19 00:02:08.105800;-21.0
2022-08-19 00:02:08.952184;-21.0
2022-08-19 00:02:09.725663;-21.0
2022-08-19 00:02:10.747844;-19.0
2022-08-19 00:02:11.746560;-20.0
2022-08-19 00:02:12.988513;-20.0
2022-08-19 00:02:13.918252;-20.0
2022-08-19 00:02:15.029731;-19.0
2022-08-19 00:02:16.002322;-19.0
2022-08-19 00:02:17.362904;-16.0
2022-08-19 00:02:18.315131;-20.0
2022-08-19 00:02:19.450395;-20.0
2022-08-19 00:02:20.468442;-21.0
2022-08-19 00:02:21.353084;-21.0
2022-08-19 00:02:22.434050;-20.0
2022-08-19 00:02:23.825553;-19.0
2022-08-19 00:02:25.116144;-19.0
2022-08-19 00:02:25.965207;-20.0
2022-08-19 00:02:27.067419;-19.0
2022-08-19 00:02:28.443228;-20.0
2022-08-19 00:02:29.613190;-20.0
2022-08-19 00:02:30.758404;-20.0
2022-08-19 00:02:32.087716;-17.0
2022-08-19 00:02:33.446413;-17.0
2022-08-19 00:02:34.337183;-21.0
2022-08-19 00:02:35.210145;-21.0
2022-08-19 00:02:36.469022;-20.0
2022-08-19 00:02:37.770392;-19.0
2022-08-19 00:02:39.044607;-18.0
2022-08-19 00:02:40.351251;-21.0
2022-08-19 00:02:41.430700;-21.0
2022-08-19 00:02:42.921116;-20.0
2022-08-19 00:02:44.192444;-20.0
2022-08-19 00:02:45.213699;-20.0
2022-08-19 00:02:46.389893;-20.0
2022-08-19 00:02:47.676057;-20.0
2022-08-19 00:02:48.882388;-19.0
2022-08-19 00:02:49.939719;-21.0
2022-08-19 00:02:51.099950;-16.0
2022-08-19 00:02:52.623349;-16.0
2022-08-19 00:02:53.672517;-20.0
2022-08-19 00:02:54.924016;-20.0
2022-08-19 00:02:56.050888;-20.0
2022-08-19 00:02:57.222973;-19.0
2022-08-19 00:02:58.390478;-21.0
2022-08-19 00:02:59.599648;-19.0
2022-08-19 00:03:01.112966;-18.0
2022-08-19 00:03:02.339561;-19.0
2022-08-19 00:03:03.378769;-20.0
2022-08-19 00:03:04.769416;-16.0
2022-08-19 00:03:05.837640;-19.0
2022-08-19 00:03:06.939982;-21.0
2022-08-19 00:03:08.051598;-20.0
2022-08-19 00:03:09.325237;-19.0
2022-08-19 00:03:10.882550;-18.0
2022-08-19 00:03:11.919462;-20.0
2022-08-19 00:03:13.001464;-20.0
2022-08-19 00:03:14.642560;-19.0
2022-08-19 00:03:15.761673;-21.0
2022-08-19 00:03:16.934183;-19.0
2022-08-19 00:03:18.200130;-19.0
2022-08-19 00:03:19.292476;-20.0
2022-08-19 00:03:20.177945;-21.0
2022-08-19 00:03:21.263875;-20.0
2022-08-19 00:03:22.470822;-21.0
2022-08-19 00:03:23.596181;-18.0
2022-08-19 00:03:24.700787;-20.0
2022-08-19 00:03:25.990349;-21.0
2022-08-19 00:03:27.329383;-17.0
2022-08-19 00:03:28.550587;-19.0
2022-08-19 00:03:29.574893;-20.0
2022-08-19 00:03:31.161102;-18.0
2022-08-19 00:03:32.459977;-19.0
2022-08-19 00:03:33.978613;-19.0
2022-08-19 00:03:34.966162;-20.0
2022-08-19 00:03:36.313329;-20.0
2022-08-19 00:03:37.170936;-21.0
2022-08-19 00:03:38.316213;-19.0
2022-08-19 00:03:39.329661;-19.0
2022-08-19 00:03:40.608796;-20.0
2022-08-19 00:03:41.730220;-19.0
2022-08-19 00:03:42.813570;-20.0
2022-08-19 00:03:43.983195;-20.0
2022-08-19 00:03:45.001792;-21.0
2022-08-19 00:03:46.327211;-20.0
2022-08-19 00:03:47.448638;-20.0
2022-08-19 00:03:48.646273;-19.0
2022-08-19 00:03:50.126715;-19.0
2022-08-19 00:03:51.339788;-19.0
2022-08-19 00:03:52.207976;-20.0
2022-08-19 00:03:53.311097;-20.0
2022-08-19 00:03:54.299654;-21.0
2022-08-19 00:03:55.349392;-19.0
2022-08-19 00:03:56.256953;-20.0
2022-08-19 00:03:57.319074;-19.0
2022-08-19 00:03:58.189383;-20.0
2022-08-19 00:03:59.512826;-20.0
2022-08-19 00:04:00.520832;-20.0
2022-08-19 00:04:01.519303;-20.0
2022-08-19 00:04:02.387964;-20.0
2022-08-19 00:04:03.637091;-21.0
2022-08-19 00:04:04.621025;-20.0
2022-08-19 00:04:05.820965;-20.0
2022-08-19 00:04:06.998979;-20.0
2022-08-19 00:04:08.042479;-20.0
2022-08-19 00:04:09.224952;-20.0
2022-08-19 00:04:10.099993;-20.0
2022-08-19 00:04:11.235116;-18.0
2022-08-19 00:04:12.297816;-19.0
2022-08-19 00:04:13.715999;-19.0
2022-08-19 00:04:14.889894;-19.0
2022-08-19 00:04:16.056980;-20.0
2022-08-19 00:04:17.547230;-19.0
2022-08-19 00:04:18.673692;-19.0
2022-08-19 00:04:19.951043;-20.0
2022-08-19 00:04:20.866592;-20.0
2022-08-19 00:04:21.972780;-18.0
2022-08-19 00:04:23.282068;-20.0
2022-08-19 00:04:24.723312;-21.0
2022-08-19 00:04:26.122527;-18.0
2022-08-19 00:04:27.086618;-20.0
2022-08-19 00:04:28.403545;-19.0
2022-08-19 00:04:29.447839;-20.0
2022-08-19 00:04:30.915445;-18.0
2022-08-19 00:04:32.080838;-20.0
2022-08-19 00:04:33.024080;-19.0
2022-08-19 00:04:33.875942;-20.0
2022-08-19 00:04:35.339561;-19.0
2022-08-19 00:04:36.316931;-19.0
2022-08-19 00:04:37.309902;-20.0
2022-08-19 00:04:38.025795;-21.0
2022-08-19 00:04:39.113922;-18.0
2022-08-19 00:04:40.852499;-18.0
2022-08-19 00:04:42.206687;-20.0
2022-08-19 00:04:43.811592;-17.0
2022-08-19 00:04:45.259690;-20.0
2022-08-19 00:04:46.611839;-18.0
2022-08-19 00:04:47.868888;-20.0
2022-08-19 00:04:49.253159;-20.0
2022-08-19 00:04:50.736688;-18.0
2022-08-19 00:04:51.682551;-21.0
2022-08-19 00:04:52.990235;-17.0
2022-08-19 00:04:54.347908;-17.0
2022-08-19 00:04:55.564546;-19.0
2022-08-19 00:04:56.815710;-20.0
2022-08-19 00:04:57.819767;-18.0
2022-08-19 00:04:58.989817;-21.0
2022-08-19 00:05:00.397240;-19.0
2022-08-19 00:05:01.873658;-17.0
2022-08-19 00:05:02.883548;-20.0
2022-08-19 00:05:03.692416;-20.0
2022-08-19 00:05:04.903624;-17.0
2022-08-19 00:05:06.111544;-21.0
2022-08-19 00:05:07.199390;-20.0
2022-08-19 00:05:08.460408;-19.0
2022-08-19 00:05:09.609720;-20.0
2022-08-19 00:05:10.947486;-16.0
2022-08-19 00:05:11.797684;-20.0
2022-08-19 00:05:13.232704;-20.0
2022-08-19 00:05:14.437447;-19.0
2022-08-19 00:05:15.313007;-20.0
2022-08-19 00:05:16.239380;-20.0
2022-08-19 00:05:17.683570;-19.0
2022-08-19 00:05:18.627278;-19.0
2022-08-19 00:05:19.659314;-19.0
2022-08-19 00:05:20.685364;-20.0
2022-08-19 00:05:21.647659;-20.0
2022-08-19 00:05:22.909391;-19.0
2022-08-19 00:05:23.891644;-20.0
2022-08-19 00:05:25.327715;-18.0
2022-08-19 00:05:26.204252;-20.0
2022-08-19 00:05:27.360817;-20.0
2022-08-19 00:05:28.671036;-19.0
2022-08-19 00:05:30.411367;-20.0
2022-08-19 00:05:32.610160;-17.0
2022-08-19 00:05:34.109152;-18.0
2022-08-19 00:05:35.263170;-19.0
2022-08-19 00:05:36.498669;-20.0
2022-08-19 00:05:37.563702;-21.0
2022-08-19 00:05:38.781573;-17.0
2022-08-19 00:05:40.304515;-19.0
2022-08-19 00:05:41.413791;-19.0
2022-08-19 00:05:42.395497;-21.0
2022-08-19 00:05:43.671924;-20.0
2022-08-19 00:05:45.123874;-17.0
2022-08-19 00:05:46.332185;-19.0
2022-08-19 00:05:47.575523;-20.0
2022-08-19 00:05:49.096696;-14.0
